Номер;Назавние;Рейтинг;Год;Страна;Жанр;Режисёр
1;FORD против FERRARI;9.1*;2019;США;биография, драма;Джеймс Мэнголд
2;Зов предков;9.0*;2020;США;приключения, анимация;Крис Сандерс
3;Зеленая миля;9.0*;1999;США;драма;Фрэнк Дарабонт
4;Побег из Шоушенка;9.0*;1994;США;драма, триллер;Фрэнк Дэрабон
5;1+1;9.0*;2011;Франция;комедия, драма;Оливье Накаш
6;Вперёд;8.9*;2020;США;анимация, семейный;Дэн Скэнлон
7;Как приручить дракона 3;8.9*;2018;США;анимация, семейный;Дин Деблуа
8;101 далматинец;8.9*;1961;США;семейный, приключения;Клайд Джероними
9;Король Лев;8.9*;1994;США;мюзикл, приключения;Роджер Аллерс
10;Джентльмены;8.9*;2020;США;боевик, криминал;Гай Ричи
11;Хатико: самый верный друг;8.9*;2009;США;семейный, драма;Лассе Халльстрем
12;Начало;8.8*;2010;США / Великобритания;боевик, фантастика;Кристофер Нолан
13;Аватар: Специальная версия;8.8*;2010;США;боевик, триллер;Джеймс Кэмерон
14;Аватар;8.8*;2009;США;боевик, фантастика;Джеймс Кэмерон
15;Капернаум;8.8*;2018;Ливан / Франция;драма;Надин Лабаки
16;Пираты Карибского моря: Проклятие черной жемчужины;8.8*;2003;США;приключения, боевик;Гор Вербински
17;Зеленая книга;8.8*;2018;США;драма;Питер Фаррелли
18;Счастье в конверте;8.8*;2020;Россия;семейный;Светлана Суханова
19;Малефисента: Владычица тьмы;8.8*;2019;США;фэнтези, семейный;Хоаким Роннинг
20;Место встречи изменить нельзя;8.8*;1979;СССР;;Станислав Говорухин
21;12 стульев;8.8*;1976;СССР;комедия, детектив;Марк Захаров
22;Бриллиантовая рука;8.8*;1968;СССР;комедия, приключения;Леонид Гайдай
23;Холодное сердце 2;8.8*;2019;США;анимация, семейный;Крис Бак
24;Джентльмены удачи;8.8*;1971;СССР;криминал, комедия;Александр Серый
25;Богемская рапсодия;8.7*;2018;США / Великобритания;драма, биография;Брайан Сингер
26;Достать ножи;8.7*;2019;США;детектив, драма;Райан Джонсон
27;Анастасия;8.7*;1997;США;анимация, сказка;Дон Блат
28;Пираты Карибского моря: На странных берегах;8.7*;2011;США;боевик, комедия;Роб Маршалл
29;Холодное сердце;8.7*;2013;США;приключения, анимация;Крис Бак
30;Титаник 3D;8.7*;1997;США;приключения, драма;Джеймс Кэмерон
31;Ходячий замок;8.7*;2004;Япония;аниме , сказка;Хаяо Миядзаки
32;Лёд 2;8.7*;2020;Россия;мелодрама, драма;Жора Крыжовников
33;Титаник;8.7*;1997;США;мелодрама, драма;Джеймс Кэмерон
34;Гладиатор;8.6*;2000;Великобритания / США;приключения, драма;Ридли Скотт
35;Мстители: Война бесконечности;8.6*;2018;США;боевик, фантастика;Энтони Руссо
36;Леон;8.6*;1994;Франция;драма, триллер;Люк Бессон
37;Области тьмы;8.6*;2011;США;триллер;Нил Бергер
38;Властелин Колец: Братство Кольца;8.6*;2001;Новая Зеландия / США;приключения, боевик;Питер Джексон
39;Храброе сердце;8.6*;1995;США;военный, биография;Мэл Гибсон
40;Семнадцать мгновений весны;8.6*;1973;СССР;драма, приключения;Татьяна Лиознова
41;Тайна Коко;8.6*;2017;США;анимация, приключения;Ли Анкрич
42;Законопослушный гражданин;8.6*;2009;США;триллер, драма;Ф. Гэри Грей
43;Сумерки;8.6*;2008;США;фэнтези, мелодрама;Кэтрин Хардвик
44;Собачья жизнь 2;8.6*;2019;США;семейный;Гейл Манкусо
45;Бойцовский клуб;8.6*;1999;США / Германия;триллер, боевик;Дэвид Финчер
46;Эверест;8.6*;2019;США;анимация;Тодд Вилдерман
47;В метре друг от друга;8.6*;2019;США;мелодрама, драма;Джастин Бальдони
48;Форрест Гамп;8.6*;1994;США;комедия, мелодрама;Роберт Земекис
49;Римские каникулы;8.6*;1953;США;мелодрама, драма;Уильям Уайлер
50;Холоп;8.6*;2019;Россия;комедия;Клим Шипенко
51;Иван Васильевич меняет профессию;8.6*;1973;СССР;комедия, фантастика;Леонид Гайдай
52;Брат;8.6*;1997;Россия;боевик, драма;Алексей Балабанов
53;Игры разума;8.6*;2001;США;мистика, драма;Рон Ховард
54;Пираты Карибского моря: На краю света;8.5*;2007;США;сказка, боевик;Гор Вербински
55;Изгой;8.5*;2000;США;приключения, драма;Роберт Земекис
56;Король Лев;8.5*;2019;США;фантастика, семейный;Джон Фавро
57;Пассажиры;8.5*;2016;США;фантастика, приключения;Мортен Тильдум
58;Пятый элемент;8.5*;1997;Франция;приключения, триллер;Люк Бессон
59;Игра;8.5*;1997;США;криминал, приключения;Дэвид Финчер
60;Веном;8.5*;2018;США;фантастика, боевик;Рубен Флейшер
61;Чего хотят женщины;8.5*;2000;США;мелодрама, комедия;Нэнси Мейерс
62;Твое имя;8.5*;2016;Япония;анимация, фэнтези;Макото Синкай
63;Движение вверх;8.5*;2017;Россия;спорт, драма;Антон Мегердичев
64;ВАЛЛ-И;8.5*;2008;США;семейный, фэнтези;Эндрю Стэнтон
65;Джанго освобожденный;8.5*;2012;США;вестерн;Квентин Тарантино
66;Легенда №17;8.5*;2012;Россия;биография, спорт;Николай Лебедев
67;Шерлок Холмс;8.5*;2009;США / Великобритания;драма, боевик;Гай Ричи
68;Терминатор 2: Судный день 3D;8.5*;2017;США;боевик, триллер;Джеймс Кэмерон
69;Ну, погоди!;8.5*;1969;СССР;короткометражный, анимация;Вячеслав Котеночкин
70;Сумерки. Сага. Новолуние;8.5*;2009;США;фэнтези, мелодрама;Крис Вайц
71;Любовь и голуби;8.5*;1984;СССР;комедия, мелодрама;Владимир Меньшов
72;Маленькие женщины;8.5*;2019;США;мелодрама, драма;Грета Гервиг
73;Как приручить дракона;8.5*;2010;США;анимация, семейный;Дин Деблуа
74;Привидение;8.5*;1990;США;драма, фэнтези;Джерри Закер
75;Терминатор 2: судный день;8.5*;1991;США / Франция;боевик, триллер;Джеймс Кэмерон
76;Матрица;8.5*;1999;Австралия / США;боевик, фантастика;Лилли (Энди) Вачовски
77;Мстители: Финал;8.5*;2019;США;боевик, фантастика;Энтони Руссо
78;Гарри Поттер и Дары смерти. Часть вторая;8.5*;2011;США / Великобритания;семейный, фэнтези;Дэвид Йейтс
79;Рапунцель: Запутанная История;8.4*;2010;США;семейный, мюзикл;Байрон Ховард
80;Унесенные призраками;8.4*;2001;Япония;аниме , семейный;Хаяо Миядзаки
81;Брат 2;8.4*;2000;США / Россия;боевик, криминал;Алексей Балабанов
82;Загадочная история Бенджамина Баттона;8.4*;2008;США;мелодрама, драма;Дэвид Финчер
83;Я - легенда!;8.4*;2007;США;драма, фантастика;Френсис Лоуренс
84;А зори здесь тихие;8.4*;1972;СССР;исторический, драма;Станислав Ростоцкий
85;Аладдин;8.4*;2019;США;приключения, мюзикл;Гай Ричи
86;Алита: Боевой ангел;8.4*;2018;США / Канада / Аргентина;фантастика, боевик;Роберт Родригес
87;Брестская крепость;8.4*;2010;Россия / Беларусь;драма, военный;Александр Котт
88;Назад в будущее;8.4*;1985;США;приключения, фантастика;Роберт Земекис
89;Железный человек;8.4*;2008;США;приключения, фантастика;Джон Фавро
90;Достучаться до небес;8.4*;1997;Германия / Нидерланды / Бельгия;боевик, драма;Томас Ян
91;Плохие парни навсегда;8.4*;2020;США;боевик, криминал;Адиль Эль Арби
92;Три богатыря и шамаханская царица;8.4*;2010;Россия;сказка, анимация;Сергей Глезин
93;Зверополис;8.4*;2016;США;анимация, боевик;Байрон Ховард
94;Троя;8.4*;2004;США / Мальта / Великобритания;исторический, приключения;Вольфганг Петерсен
95;Человек-паук: Вдали от дома;8.4*;2019;США;фантастика, боевик;Джон Уоттс
96;Черный лебедь;8.4*;2010;США;драма, триллер;Даррен Аронофски
97;Камуфляж и шпионаж;8.4*;2019;США;анимация, фантастика;Трой Квон
98;Криминальное чтиво;8.4*;1994;США;драма;Квентин Тарантино
99;Бронкская история;8.4*;1993;США;драма, боевик;Роберт Де Ниро
100;Ржев;8.4*;2019;Россия;военный, драма;Игорь Копылов
101;Соник в кино;8.4*;2019;США;фэнтези;Джефф Фаулер
102;Назад в будущее 3;8.4*;1990;США;приключения, фантастика;Роберт Земекис
103;Кунг-Фу Панда;8.4*;2008;США;комедия, анимация;Марк Осборн
104;Непосредственно Каха;8.4*;2019;Россия;комедия;Виктор Шамиров
105;Остров проклятых;8.4*;2009;США;драма, мистика;Мартин Скорсезе
107;Человек с бульвара Капуцинов;8.4*;1987;СССР;комедия, мелодрама;Алла Сурикова
108;Т-34;8.4*;2018;Россия;военный, боевик;Алексей Сидоров
109;Хэнкок;8.4*;2008;США;комедия, фантастика;Питер Берг
110;Пираты Карибского моря: Мертвецы не рассказывают сказки;8.4*;2017;США;комедия, фэнтези;Хоаким Роннинг
111;Ледниковый период;8.4*;2002;США;комедия, приключения;Карлос Салдана
112;Принц Персии: Пески времени;8.4*;2010;США;приключения, мелодрама;Майк Ньюэлл
113;Логан;8.4*;2017;США;боевик, фантастика;Джеймс Мэнголд
114;Пираты Карибского моря: Сундук мертвеца;8.4*;2006;США;боевик, сказка;Гор Вербински
115;Один день;8.4*;2011;Великобритания;комедия, мелодрама;Лоне Шерфиг
116;Подарок на Рождество;8.3*;1996;США;комедия, боевик;Брайан Ливант
117;Живая сталь;8.3*;2011;США;драма, боевик;Шон Леви
118;Хоббит: Нежданное путешествие;8.3*;2012;США;фэнтези, приключения;Питер Джексон
119;Господин Никто;8.3*;2009;Бельгия / Канада / Франция;фантастика, фэнтези;Жако Ван Дормель
120;Офицеры;8.3*;1971;СССР;драма, мелодрама;Владимир Роговой
121;Волшебное кольцо (сборник мультфильмов);8.3*;1979;СССР;детский, короткометражный;Леонид Носырев
122;Гарри Поттер и Дары смерти. Часть первая;8.3*;2010;США / Великобритания;семейный, фэнтези;Дэвид Йейтс
123;Майкл Джексон: Вот и все;8.3*;2009;США;документальный, мюзикл;Кенни Ортега
124;Шерлок Холмс: Игра теней;8.3*;2011;США;приключения, криминал;Гай Ричи
125;Добрыня Никитич и Змей Горыныч;8.3*;2006;Россия;сказка, комедия;Илья Максимов
126;Служебный роман;8.3*;1977;СССР;мелодрама, комедия;Эльдар Рязанов
127;Сонная лощина;8.3*;1999;США;триллер, ужасы;Тим Бертон
128;Притворись моей женой;8.3*;2011;США;мелодрама, комедия;Деннис Дуган
129;Джуманджи;8.3*;1995;США;семейный, триллер;Джо Джонстон
130;Университет монстров;8.3*;2013;США;комедия, семейный;Дэн Скэнлон
131;Чужой;8.3*;1979;США / Великобритания;ужасы, фантастика;Ридли Скотт
132;РЭД;8.3*;2010;США;комедия, боевик;Роберт Швентке
133;Жизнь, как она есть;8.3*;2010;США;комедия;Грег Берланти
134;Властелин Колец: Две крепости;8.3*;2002;США / Новая Зеландия / Германия;приключения, фэнтези;Питер Джексон
135;Тролли. Мировой тур;8.3*;2020;США;анимация, детский;Уолт Дорн
136;Грань будущего;8.3*;2014;США;фантастика, боевик;Даг Лайман
137;Шрэк;8.3*;2001;США;анимация, семейный;Эндрю Адамсон
138;От заката до рассвета;8.3*;1995;США;боевик, триллер;Роберт Родригес
139;Телохранитель киллера;8.3*;2017;США;боевик, комедия;Патрик Хьюз
140;"Всегда говори ""Да""";8.3*;2008;США;комедия;Пейтон Рид
141;Трансформеры;8.3*;2007;США;боевик, приключения;Майкл Бэй
142;Адвокат дьявола;8.3*;1997;США / Германия;триллер, драма;Тэйлор Хэкфорд
143;Форсаж 5;8.3*;2011;США;боевик, приключения;Джастин Лин
144;Первому игроку приготовиться;8.3*;2018;США;фантастика, боевик;Стивен Спилберг
145;28 панфиловцев;8.3*;2016;Россия;военный, драма;Ким Дружинин
146;Гарри Поттер и философский камень;8.3*;2001;Великобритания / США;приключения, семейный;Крис Коламбус
147;Апокалипсис;8.3*;2006;США;боевик, приключения;Мэл Гибсон
148;Доберман;8.3*;1997;Франция;боевик;Жан Коунен
149;Сумерки. Сага. Рассвет: Часть 1;8.3*;2011;США;фэнтези, мелодрама;Билл Кондон
150;Ледниковый период 3: Эра динозавров;8.3*;2009;США;приключения, анимация;Карлос Салдана
151;Дневник памяти;8.3*;2004;США;драма, мелодрама;Ник Кассаветис
152;Красавица и чудовище;8.3*;1991;США;сказка, мелодрама;Гэри Троусдейл
153;День сурка;8.3*;1993;США;комедия, мелодрама;Харолд Рэймис
154;Маска;8.3*;1994;США;фэнтези, криминал;Чарлз Расселл
155;Тор: Рагнарёк;8.3*;2017;США;фэнтези, драма;Тайка Вайтити
156;Аквамен;8.3*;2018;США;фантастика, приключения;Джеймс Ван
157;Молот;8.2*;2016;Россия;драма, спорт;Нурбек Эген
158;Гарри Поттер и кубок огня;8.2*;2005;США / Великобритания;семейный, приключения;Майк Ньюэлл
159;Темный рыцарь;8.2*;2008;США;драма, мистика;Кристофер Нолан
160;Семь;8.2*;1995;США;мистика, криминал;Дэвид Финчер
161;По соображениям совести;8.2*;2016;США;военный, драма;Мэл Гибсон
162;Убойные каникулы;8.2*;2009;Канада;комедия;Элай Крэйг
163;Механик;8.2*;2011;США;драма, боевик;Саймон Уэст
164;Три метра над уровнем неба;8.2*;2010;Испания;драма;Фернандо Гонзалез Молина
165;Корпорация Монстров;8.2*;2001;США;семейный, сказка;Пит Доктер
166;Джуманджи: Новый уровень;8.2*;2019;США;приключения, комедия;Джейк Кэздан
167;300 спартанцев;8.2*;2007;США;приключения, драма;Зак Снайдер
168;Жестокие игры;8.2*;1999;США;мелодрама, драма;Роджер Камбл
169;Паваротти;8.2*;2019;США / Великобритания;документальный, биография;Рон Ховард
170;Рио;8.2*;2011;США;комедия, семейный;Карлос Салдана
171;Впритык;8.2*;2010;США;комедия;Тодд Филлипс
172;Проза бродячих псов. Фильм;8.2*;2018;Япония;анимация, аниме;Такуя Игараси
173;О чем говорят мужчины;8.2*;2010;Россия;комедия;Дмитрий Дьяченко
174;Варкрафт;8.2*;2016;США;приключения, боевик;Дункан Джонс
175;Стражи Галактики. Часть 2;8.2*;2017;США;боевик, фантастика;Джеймс Ганн
176;Суперсемейка 2;8.2*;2018;США;анимация, детский;Брэд Берд
177;Звезда родилась;8.2*;2018;США;драма, мелодрама;Брэдли Купер
178;Гонка;8.2*;2012;США;биография, драма;Рон Ховард
179;Доктор Стрэндж;8.2*;2016;США;фэнтези, приключения;Скотт Дерриксон
180;Добро пожаловать, или Посторонним вход воспрещен;8.2*;1964;СССР;семейный, комедия;Элем Климов
181;Робот по имени Чаппи;8.2*;2015;США / Мексика;боевик, триллер;Нил Бломкамп
182;Лучшее предложение;8.2*;2013;Италия;мелодрама, драма;Джузеппе Торнаторе
183;Крепкий орешек 4.0;8.2*;2007;США;приключения, триллер;Лен Уайзман
184;Помни меня;8.2*;2010;США;драма, мелодрама;Аллен Култер
185;Мальчишник 2: Из Вегаса в Бангкок;8.2*;2011;США;комедия;Тодд Филлипс
186;Астрал;8.2*;2011;США;ужасы, триллер;Джеймс Ван
187;Время;8.2*;2011;США;фантастика;Эндрю Никкол
188;Собачья жизнь;8.2*;2017;США;драма, комедия;Лассе Халльстрем
189;Рататуй;8.2*;2007;США;комедия, семейный;Брэд Берд
190;Салют-7;8.2*;2017;Россия;драма, исторический;Клим Шипенко
191;Девчата;8.2*;1961;СССР;мелодрама, комедия;Юрий Чулюкин
192;Мстители;8.2*;2012;США;боевик;Джосс Уидон
193;Доживем до понедельника;8.2*;1968;СССР;драма, мелодрама;Станислав Ростоцкий
194;Заложница;8.2*;2008;Франция;триллер, боевик;Пьер Морель
195;Люди Икс: Начало. Росомаха;8.2*;2009;США / Новая Зеландия / Австралия;фантастика, боевик;Гэвин Худ
196;Король говорит!;8.2*;2010;Великобритания / Австралия;драма, исторический;Том Хупер
197;Престиж;8.2*;2006;США / Великобритания;сказка, триллер;Кристофер Нолан
198;Голая правда;8.2*;2009;США;мелодрама, комедия;Роберт Лукетич
199;Человек-паук: Через вселенные;8.2*;2018;США;анимация, приключения;Боб Персичетти
200;Дитя погоды;8.2*;2019;Япония;аниме , мелодрама;Макото Синкай
201;Люди в черном;8.2*;1997;США;боевик;Барри Зонненфельд
202;Вольт;8.2*;2008;США;анимация, комедия;Крис Уильямс
203;Время первых;8.2*;2017;Россия;драма, исторический;Дмитрий Киселев
204;Мадагаскар 2;8.2*;2008;США;сказка, семейный;Эрик Дарнелл
205;После;8.2*;2019;США;драма, мелодрама;Дженни Гейдж
206;Непрощенный;8.2*;2018;Россия;драма;Сарик Андреасян
207;Мистер и миссис Смит;8.2*;2005;США;триллер, приключения;Даг Лайман
208;Человек с киноаппаратом;8.2*;1929;СССР;документальный;Дзига Вертов
209;Джокер;8.2*;2019;США;криминал, драма;Тодд Филлипс
210;Смертельная гонка;8.2*;2008;США;фантастика, триллер;Пол У. С. Андерсон
211;Рождество на двоих;8.2*;2019;США;мелодрама, комедия;Пол Фиг
212;Величайший шоумен;8.2*;2018;США;мюзикл, биография;Майкл Грэйси
213;Неадекватные люди;8.2*;2010;Россия;комедия;Роман Каримов
214;Мадагаскар 3;8.2*;2012;США;анимация, семейный;Эрик Дарнелл
215;Предложение;8.2*;2009;США;мелодрама, комедия;Энн Флетчер
216;Миллионер из трущоб;8.2*;2008;Великобритания;мелодрама, драма;Дэнни Бойл
217;Заклятие;8.2*;2013;США;триллер, ужасы;Джеймс Ван
218;Лучшее во мне;8.2*;2014;США;мелодрама, драма;Майкл Хоффман
219;Константин: повелитель тьмы;8.2*;2005;США / Германия;триллер, боевик;Френсис Лоуренс
220;Эквилибриум;8.2*;2002;США;фантастика, триллер;Курт Уиммер
221;Иллюзия обмана;8.2*;2013;США;криминал, триллер;Луи Летерье
223;Крепкий орешек;8.2*;1988;США;триллер, криминал;Джон МакТирнан
224;Исчезнувшая;8.2*;2014;США;триллер, драма;Дэвид Финчер
225;Семья по-быстрому;8.1*;2018;США;комедия;Шон Андерс
226;Трансформеры: Месть падших;8.1*;2009;США;фантастика, приключения;Майкл Бэй
227;Lil Peep: Всё для всех;8.1*;2019;США;документальный;Себастьян Джонс
228;Кунг-Фу Панда 2;8.1*;2011;США;комедия, анимация;Дженнифер Ю
229;Люди Икс: Первый класс;8.1*;2011;США;боевик, фантастика;Мэттью Вон
230;Фиксики против кработов;8.1*;2019;Россия;анимация, детский;Васико Бедошвили
231;Клаустрофобы;8.1*;2019;США;ужасы;Адам Робител
232;Значит, война;8.1*;2011;США;комедия, боевик;МакДжи
233;Рыцарь дня;8.1*;2010;США;боевик, комедия;Джеймс Мэнголд
234;Чудо на Гудзоне;8.1*;2016;США;драма, биография;Клинт Иствуд
235;До встречи с тобой;8.1*;2016;США;мелодрама;Теа Шэррок
236;Меч короля Артура;8.1*;2017;США;фэнтези, боевик;Гай Ричи
237;Лёд;8.1*;2017;Россия;мелодрама;Александр Андрющенко
238;Хоббит: Пустошь Смауга;8.1*;2013;США / Новая Зеландия;драма, фэнтези;Питер Джексон
239;Джуманджи: Зов джунглей;8.1*;2017;США;приключения, семейный;Джейк Кэздан
240;Девушка с татуировкой дракона;8.1*;2011;США;криминал, триллер;Дэвид Финчер
241;Гарри Поттер и узник Азкабана;8.1*;2004;США / Великобритания;приключения, семейный;Альфонсо Куарон
242;Посвященный;8.1*;2014;США;фантастика, драма;Филлип Нойс
243;Голубые горы, или Неправдоподобная история;8.1*;1984;СССР;комедия;Эльдар Шенгелая
244;Неудержимые;8.1*;2010;США;боевик;Сильвестр Сталлоне
245;Адмиралъ;8.1*;2008;Россия;драма, биография;Андрей Кравчук
246;Бурлеск;8.1*;2010;США;мелодрама, мюзикл;Стив Энтин
247;Принцесса Мононоке;8.1*;1997;Япония;аниме , сказка;Хаяо Миядзаки
248;Небоскреб;8.1*;2018;США;боевик;Роусон Маршалл Тербер
249;Добро пожаловать в Зомбилэнд;8.1*;2009;США;комедия, ужасы;Рубен Флейшер
250;Волк и теленок;8.1*;1984;СССР;семейный, анимация;Михаил Каменецкий
251;Отступники;8.1*;2006;США;криминал, драма;Мартин Скорсезе
252;Час пик;8.1*;1998;США;триллер, боевик;Бретт Рэтнер
253;Паранормальное явление 3;8.1*;2011;США;ужасы;Генри Джуст
254;Дэдпул 2;8.1*;2018;США;боевик, приключения;Дэвид Литч
255;Ральф против интернета;8.1*;2018;США;анимация, комедия;Фил Джонстон
256;Малена;8.1*;2000;Италия / США;военный, драма;Джузеппе Торнаторе
257;Команда А;8.1*;2010;США;боевик, триллер;Джо Карнахан
258;Валериан и город тысячи планет;8.1*;2017;Франция;фантастика, боевик;Люк Бессон
259;Зеркала;8.1*;2008;США;ужасы;Александр Ажа
260;Ежик в тумане;8.1*;1975;СССР;детский;Юрий Норштейн
261;Властелин Колец: Возвращение Короля;8.1*;2003;США / Новая Зеландия / Германия;фэнтези;Питер Джексон
262;100 вещей и ничего лишнего;8.1*;2018;Германия;комедия;Флориан Давид Фиц
263;Землетрясение;8.1*;2016;Россия;драма;Сарик Андреасян
264;Голубая бездна;8.1*;1988;Франция / США / Италия;драма, мелодрама;Люк Бессон
265;Ученик чародея;8.1*;2010;США;сказка, семейный;Джон Тертлтауб
266;Три метра над уровнем неба. Я тебя хочу;8.1*;2012;Испания;мелодрама, драма;Фернандо Гонзалез Молина
267;2012;8.1*;2009;США / Канада;драма;Роланд Эммерих
268;Доктор Сон;8.1*;2019;США;мистика, ужасы;Майк Флэнеган
269;Балерина;8.1*;2017;Франция / Канада;анимация, семейный;Эрик Саммер
270;Рэмпейдж;8.1*;2018;США;боевик, фантастика;Брэд Пейтон
271;Доспехи Бога 3: миссия Зодиак;8.1*;2012;Гонконг / Китай;боевик, приключения;Джеки Чан
272;Бамблби;8.1*;2018;США;фантастика, боевик;Трэвис Найт
273;Калашников;8.1*;2020;Россия;военный, исторический;Константин Буслов
274;Последний богатырь;8.1*;2017;Россия;семейный, комедия;Дмитрий Дьяченко
275;Список Шиндлера;8.1*;1993;США;исторический, военный;Стивен Спилберг
276;Девятые врата;8.1*;1999;Испания / Франция / США;мистика, ужасы;Роман Полански
277;Один вдох;8.1*;2020;Россия;спорт, драма;Елена Хазанова
278;Хоббит: Битва Пяти Воинств;8.1*;2014;США;фэнтези, приключения;Питер Джексон
279;Сказка сказок;8.1*;1979;СССР;анимация, короткометражный;Юрий Норштейн
280;Ученик чудовища;8.1*;2015;Япония;анимация, аниме;Мамору Хосода
281;Дом странных детей мисс Перегрин;8.1*;2016;США;фэнтези, приключения;Тим Бертон
282;Люди в черном 3;8.1*;2012;США;фантастика, приключения;Барри Зонненфельд
283;9 рота;8.1*;2005;Россия / Финляндия / Украина;драма, военный;Федор Бондарчук
284;Воды слонам!;8.1*;2011;США;драма;Френсис Лоуренс
285;Апгрейд;8.1*;2018;Австралия;фантастика, боевик;Ли Уоннелл
286;Три дня на побег;8.1*;2010;США;триллер, мелодрама;Пол Хаггис
287;Семь жизней;8.1*;2008;США;драма;Габриэле Муччино
288;Ангел А;8.1*;2005;Франция;мелодрама, комедия;Люк Бессон
289;Социальная сеть;8.1*;2010;США;исторический, драма;Дэвид Финчер
290;Слишком свободный человек;8.1*;2016;Россия;документальный;Вера Кричевская
291;Ледниковый период 4: Континентальный дрейф;8.1*;2012;США;комедия, анимация;Стив Мартино
292;Алеша Попович и Тугарин Змей;8.1*;2004;Россия;семейный, сказка;Константин Бронзит
293;Первый Мститель: Противостояние;8.1*;2016;США;боевик, фантастика;Энтони Руссо
294;Усатый нянь;8.1*;1977;СССР;комедия;Владимир Грамматиков
295;Шрэк навсегда;8.1*;2010;США;сказка, приключения;Майк Митчелл
296;Гадкий я 3;8.0*;2017;США;приключения, комедия;Пьер Коффин
297;Чужие;8.0*;1986;США / Великобритания;триллер, ужасы;Джеймс Кэмерон
298;Железный человек 3;8.0*;2013;США;фантастика, боевик;Шейн Блэк
299;Путь домой;8.0*;2019;США;приключения, семейный;Чарльз Мартин Смит
300;Район №9;8.0*;2009;США;фантастика;Нилл Бломкамп
301;Экипаж;8.0*;2012;США;драма;Роберт Земекис
302;Игры разумов;8.0*;2018;Ирландия;драма, детектив;Фарад Сафиниа
303;Звездная пыль;8.0*;2007;Великобритания / США;приключения, мелодрама;Мэттью Вон
304;Лицо со шрамом;8.0*;1983;США;драма, криминал;Брайан Де Пальма
305;Адреналин;8.0*;2006;Великобритания / США;драма, боевик;Марк Невелдайн
306;Час пик 2;8.0*;2001;США;триллер, комедия;Бретт Рэтнер
307;Оно приходит ночью;8.0*;2017;США;ужасы, триллер;Трей Эдвард Шульц
308;Мы - Миллеры;8.0*;2013;США;комедия;Роусон Маршалл Тербер
309;Легенды ночных стражей;8.0*;2010;США / Австралия;фэнтези, анимация;Зак Снайдер
310;Звездные Войны: Эпизод III - Месть ситхов;8.0*;2005;США;фантастика, приключения;Джордж Лукас
311;Реквием по мечте;8.0*;2000;США;драма, криминал;Даррен Аронофски
312;Крестный отец;8.0*;1972;США;драма, триллер;Фрэнсис Форд Коппола
313;Обливион;8.0*;2013;США;боевик, фантастика;Джозеф Косински
314;Василиса;8.0*;2014;Россия;мелодрама, исторический;Антон Сиверс
315;Терминал;8.0*;2004;США;мелодрама, драма;Стивен Спилберг
316;Индиана Джонс и последний крестовый Поход;8.0*;1989;США;фантастика, боевик;Стивен Спилберг
317;Вечное сияние чистого разума;8.0*;2004;США;драма, комедия;Мишель Гондри
318;Мумия;8.0*;1999;США;триллер, комедия;Стивен Соммерс
319;Каратэ-пацан;8.0*;2010;США;драма, семейный;Харольд Цварт
320;Мотылек;8.0*;2017;Сербия / Черногория / Мальта / США;драма, криминал;Михаэль Ноер
321;Гарри Поттер и Орден Феникса;8.0*;2007;Великобритания / США;сказка, семейный;Дэвид Йейтс
322;Тайная жизнь домашних животных 2;8.0*;2019;США;анимация, комедия;Крис Рено
323;Сумерки. Сага. Рассвет: Часть 2;8.0*;2012;США;мелодрама, фэнтези;Билл Кондон
324;Три билборда на границе Эббинга, Миссури;8.0*;2017;США / Великобритания;драма, триллер;Мартин МакДона
325;Спасти рядового Райана;8.0*;1998;США;боевик, военный;Стивен Спилберг
326;История игрушек: Большой побег;8.0*;2010;США;драма, приключения;Джон Лассетер
327;Стажер;8.0*;2015;США;комедия;Нэнси Мейерс
328;Трансформеры 3: Темная сторона Луны;8.0*;2011;США;приключения, боевик;Майкл Бэй
329;Укрась прощальное утро цветами обещания;8.0*;2018;Япония;анимация, драма;Мари Окада
330;1917;8.0*;2019;Великобритания / США;военный, драма;Сэм Мендес
331;Ледниковый период 2: Глобальное потепление;8.0*;2006;США;комедия, семейный;Карлос Салдана
332;Кома;8.0*;2019;Россия;фантастика, боевик;Никита Аргунов
333;Исходный код;8.0*;2011;США / Франция;драма, фантастика;Дункан Джонс
334;Тайна третьей планеты;8.0*;1981;СССР;анимация, приключения;Роман Качанов
335;Фердинанд;8.0*;2017;США;анимация;Карлос Салдана
336;Паранормальное явление 2;8.0*;2010;США;ужасы;Тод Уильямс
337;За бортом;8.0*;2018;США;мелодрама, комедия;Боб Фишер
338;Монстры на каникулах 3: Море зовет;8.0*;2018;США;анимация, семейный;Генндий Тартаковский
339;Кот в сапогах;8.0*;2011;США;фэнтези, комедия;Крис Миллер
340;Семейка Крудс;8.0*;2013;США;анимация, комедия;Керк Де Микко
341;Обещание;8.0*;2016;США;драма, исторический;Терри Джордж
342;Погребенный заживо;8.0*;2010;Испания;криминал, триллер;Родриго Кортес
343;Поймай меня, если сможешь;8.0*;2002;США;комедия;Стивен Спилберг
344;Доспехи Бога;8.0*;1987;Гонконг / Югославия;приключения, боевик;Джеки Чан
345;Одиннадцать друзей Оушена;8.0*;2001;США / Австралия;криминал, триллер;Стивен Содерберг
346;Мулан;8.0*;1998;США;семейный, анимация;Тони Бэнкрофт
347;Дело Ричарда Джуэлла;8.0*;2019;США;драма;Клинт Иствуд
348;Поворот не туда;8.0*;2003;США;триллер, ужасы;Роб Шмидт
349;Обитель проклятых;8.0*;2014;США;триллер;Брэд Андерсон
350;Гарри Поттер и Тайная Комната;8.0*;2002;США / Великобритания / Германия;мистика, приключения;Крис Коламбус
351;Динозавр;8.0*;2000;США;семейный, приключения;Эрик Лейтон
352;Бункер;8.0*;2011;Испания / Колумбия;триллер;Андрес Баиз
353;Земля: Один потрясающий день;8.0*;2017;Великобритания;документальный, семейный;Ричард Дэйл
354;Рапунцель навсегда;8.0*;2012;США;детский, анимация;Натан Грино
355;Куб;8.0*;1997;Канада;мистика, фантастика;Винченцо Натали
356;Знаешь, мама, где я был?;8.0*;2018;Россия;анимация, документальный;Лео Габриадзе
357;Мэри Поппинс;8.0*;1964;США;сказка, комедия;Роберт Стивенсон
358;Мальчишник в Вегасе;8.0*;2009;США;комедия;Тодд Филлипс
359;На крючке;8.0*;2008;США;драма, триллер;Ди Джей Карузо
360;Балканский рубеж;8.0*;2019;Россия / Сербия;боевик, драма;Андрей Волгин
361;Мегамозг;8.0*;2010;США;комедия, семейный;Том МакГард
362;Крестный отец 2;8.0*;1974;США;триллер, драма;Фрэнсис Форд Коппола
363;Шрэк 2;8.0*;2004;США;сказка, комедия;Эндрю Адамсон
364;Гадкий я;8.0*;2010;США;семейный, анимация;Пьер Коффин
365;Турецкий гамбит;8.0*;2005;Россия;криминал, исторический;Джаник Файзиев
366;Железный человек 2;8.0*;2010;США;фантастика, боевик;Джон Фавро
367;Одаренная;8.0*;2017;США;драма;Марк Уэбб
368;Выживший;8.0*;2015;США;приключения, драма;Алехандро Гонсалес Иньярриту
369;Сайлент Хилл;8.0*;2006;Канада / Франция;ужасы, триллер;Кристоф Ган
370;Поезд в Пусан;8.0*;2016;Корея;ужасы, боевик;Ен Сан-хо
371;Правдивая ложь;8.0*;1994;США;боевик, комедия;Джеймс Кэмерон
372;Смешарики. Начало;8.0*;2011;Россия;анимация, детский;Денис Чернов
373;Пророк;8.0*;2007;США;фантастика, триллер;Ли Тамахори
374;Восстание планеты обезьян;8.0*;2011;США;фантастика, боевик;Руперт Уайатт
375;Алиса в Зазеркалье;8.0*;2016;США;семейный, приключения;Джеймс Бобин
376;Моана;8.0*;2016;США;анимация;Джон Маскер
377;С любовью, Рози;8.0*;2014;Великобритания / США;комедия, мелодрама;Кристиан Диттер
378;Кролик Питер;8.0*;2018;США;анимация, семейный;Уилл Глак
379;Дьявол;8.0*;2010;США;ужасы, триллер;Дрю Даудл
380;Ральф;8.0*;2012;США;анимация;Рич Мур
381;Ультиматум Борна;8.0*;2007;США;приключения, триллер;Пол Гринграсс
382;Я плюю на ваши могилы;8.0*;2010;США;ужасы;Стивен Р. Монро
383;Мир Юрского периода 2;7.9*;2018;США;фантастика, боевик;Хуан Антонио Байона
384;Интерстеллар;7.9*;2014;США / Великобритания;фантастика;Кристофер Нолан
385;Казино Рояль;7.9*;2006;США / Германия / Великобритания / Чехия;приключения, боевик;Мартин Кэмпбелл
386;Отличница легкого поведения;7.9*;2010;США;комедия, мелодрама;Уилл Глак
387;Angry Birds 2 в кино;7.9*;2019;США;анимация, детский;Туроп Ван Орман
388;Полицейский с Рублевки. Новогодний беспредел;7.9*;2018;Россия;комедия, драма;Илья Куликов
389;Ранго;7.9*;2011;США;семейный, приключения;Гор Вербински
390;Эффект бабочки;7.9*;2004;США;драма, триллер;Эрик Бресс
391;Скала;7.9*;1996;США;боевик, приключения;Майкл Бэй
392;В стране невыученных уроков;7.9*;1969;СССР;семейный, анимация;Юрий Прытков
393;Брюс Всемогущий;7.9*;2003;США;сказка, комедия;Том Шэдьяк
394;Джон Уик 2;7.9*;2016;США;боевик;Чад Стахелски
395;Последний самурай;7.9*;2003;США;приключения, боевик;Эдвард Цвик
396;Чужой 3;7.9*;1992;США;триллер, драма;Дэвид Финчер
397;Шерлок: Безобразная невеста;7.9*;2016;Великобритания;сериал, детектив;Дуглас Маккиннон
398;Город героев;7.9*;2014;США;комедия, боевик;Дон Холл
399;Аладдин;7.9*;1992;США;сказка, мюзикл;Джон Маскер
400;Быстрый и мертвый;7.9*;1995;США / Япония;вестерн;Сэм Рэйми
401;Призрак;7.9*;2010;США;криминал, драма;Роман Полански
402;Ёлки;7.9*;2010;Россия;комедия;Ярослав Чеважевский
403;Терминатор: да придет спаситель;7.9*;2009;США / Германия / Великобритания;триллер, фантастика;МакДжи
404;Каникулы строгого режима;7.9*;2009;Россия;комедия, криминал;Игорь Зайцев
405;Гринч;7.9*;2018;США;анимация;Ярроу Чейни
406;Хроники Нарнии: Покоритель зари;7.9*;2010;Великобритания;приключения;Майкл Эптид
407;Вкус жизни;7.9*;2007;США / Австралия;мелодрама, драма;Скотт Хикс
408;Раз, два - горе не беда;7.9*;1988;СССР;сказка, семейный;Михаил Юзовский
409;Суини Тодд, демон-парикмахер с Флит-стрит;7.9*;2007;США;мюзикл, ужасы;Тим Бертон
410;Дом восковых фигур;7.9*;2005;Австралия / США;ужасы, триллер;Хауме Кольет-Серра
411;Форсаж: Хоббс и Шоу;7.9*;2019;США;боевик, криминал;Дэвид Литч
412;Рождественская история;7.9*;2009;США;драма, фэнтези;Роберт Земекис
413;Элвин и бурундуки 2;7.9*;2009;США;фантастика, комедия;Бетти Томас
414;Время ведьм;7.9*;2010;США;приключения, фэнтези;Доминик Сена
415;Крид 2;7.9*;2018;США;спорт, драма;Стивен Кейпл мл.
416;Путешествие 2: Таинственный остров;7.9*;2011;США;фантастика, приключения;Брэд Пейтон
417;Большой сон;7.9*;1946;США;нуар, детектив;Ховард Хоукс
418;Стражи Галактики;7.9*;2014;США;фантастика, боевик;Джеймс Ганн
419;Пункт назначения;7.9*;2000;США;фантастика, ужасы;Джеймс Вонг
420;Форсаж 4;7.9*;2009;США;боевик;Джастин Лин
421;История Рыцаря;7.9*;2001;США;приключения, комедия;Брайан Хелджленд
422;Неизвестный;7.9*;2011;США;драма, криминал;Хауме Кольет-Серра
423;Секретарша;7.9*;2002;США;комедия, мелодрама;Стивен Шейнберг
424;Черная Пантера;7.9*;2018;США;драма, боевик;Райан Куглер
425;Звездные собаки: Белка и Стрелка;7.9*;2009;Россия;детский, анимация;Святослав Ушаков
426;Джон Картер;7.9*;2012;США;приключения, фантастика;Эндрю Стэнтон
427;Безумный Макс: Дорога ярости;7.9*;2015;Австралия;приключения, боевик;Джордж Миллер
428;Робин Гуд;7.9*;2010;США;боевик, драма;Ридли Скотт
429;Мост Ватерлоо;7.9*;1940;США;военный, мелодрама;Мервин Ле Рой
430;Элвин и бурундуки 3;7.9*;2011;США;семейный, мюзикл;Майк Митчел
431;Пипец;7.9*;2009;США;боевик, драма;Мэттью Вон
432;Охотники за привидениями;7.9*;1984;США;комедия, фантастика;Айвэн Райтман
433;Форсаж 8;7.9*;2017;США;боевик, триллер;Ф. Гэри Грей
434;Мег: Монстр глубины;7.9*;2018;США;ужасы, фантастика;Джон Тертелтауб
435;Опасная игра Слоун;7.9*;2016;США;драма;Джон Мэдден
436;Три богатыря и наследница престола;7.9*;2018;Россия;анимация, приключения;Константин Бронзит
437;Отряд самоубийц;7.9*;2016;США;боевик, фантастика;Дэвид Эйр 
438;Пила 6;7.9*;2009;США / Канада / Великобритания / Австралия;триллер, мистика;Кевин Гретерт
439;История игрушек 4;7.9*;2019;США;комедия, фэнтези;Джош Кули
440;Шоколад;7.9*;2000;Великобритания / США;драма, комедия;Лассе Халльстрем
441;Невидимый гость;7.9*;2017;Испания;криминал, триллер;Ориол Паоло
442;Человек-муравей и Оса;7.9*;2018;США;фантастика, боевик;Пейтон Рид
443;Ледокол;7.9*;2016;Россия;драма;Николай Хомерики
444;2+1;7.9*;2016;Франция;комедия, семейный;Хьюго Желен
445;Хрустальное небо вчерашнего дня;7.9*;2018;Китай;анимация;Си Чао
446;Форсаж 6;7.9*;2013;США;боевик, драма;Джастин Лин
447;Терминатор;7.9*;1984;Великобритания / США;триллер, фантастика;Джеймс Кэмерон
448;Патриот;7.9*;2000;Германия / США;драма, военный;Роланд Эммерих
449;Двойная жизнь Чарли Сан-Клауда;7.9*;2010;США;драма;Барр Стирс
450;Экипаж;7.9*;2016;Россия;драма, приключения;Николай Лебедев
451;Храбрая сердцем;7.9*;2012;США;семейный, анимация;Марк Эндрюс
452;Я, робот;7.9*;2004;США;фантастика, приключения;Алекс Пройас
453;Кровавый алмаз;7.9*;2006;США;триллер, драма;Эдвард Цвик
454;Тарзан;7.9*;1999;США;;Крис Бак
455;Романтики 303;7.9*;2018;Германия;комедия, мелодрама;Ханс Вайнгартнер
456;Темный рыцарь: Возрождение легенды;7.9*;2012;США / Великобритания;драма, триллер;Кристофер Нолан
457;Фантастические твари и где они обитают;7.9*;2016;Великобритания / США;семейный, фэнтези;Дэвид Йейтс
458;Приключения Паддингтона 2;7.9*;2017;Великобритания / Франция;фэнтези, семейный;Пол Кинг
459;Агенты А.Н.К.Л.;7.9*;2015;США;комедия, приключения;Гай Ричи
460;Ёлки 2;7.9*;2011;Россия;комедия;Дмитрий Киселев
461;Теория хаоса;7.9*;2007;США;мелодрама, комедия;Маркос Сига
462;Потерянное звено;7.9*;2018;США / Канада;анимация;Крис Батлер
463;Сибирский цирюльник;7.9*;1998;Россия / Франция / Италия / Чехия;исторический, драма;Никита Михалков
464;Царство небесное;7.9*;2005;Испания / США;мелодрама, военный;Ридли Скотт
465;Илья Муромец и Соловей Разбойник;7.9*;2007;Россия;приключения, комедия;Владимир Торопчин
466;Капитан Марвел;7.9*;2019;США;приключения, фэнтези;Анна Боден
467;Пингвины мистера Поппера;7.9*;2011;США;комедия;Марк Уотерс
468;Гномео и Джульетта;7.9*;2011;США / Великобритания;фэнтези, анимация;Келли Эсбери
469;Смех и горе у Бела моря;7.9*;1987;СССР;семейный, комедия;Леонид Носырев
470;Красавчик;7.9*;2007;Германия;мелодрама, комедия;Тиль Швайгер
471;Смертельная битва;7.9*;1995;США;боевик, фэнтези;Пол У. С. Андерсон
472;Во власти стихии;7.9*;2018;США;драма;Бальтасар Кормакур
473;Человек дождя;7.9*;1988;США;драма;Барри Левинсон
474;Синистер 2;7.8*;2015;США;ужасы;Киаран Фой
475;Маяк;7.8*;2019;США;ужасы, фэнтези;Роберт Эггерс
476;Однажды в Вегасе;7.8*;2008;США;комедия;Том Вон
477;Отпуск по обмену;7.8*;2006;США;мелодрама, комедия;Нэнси Мейерс
478;Другие;7.8*;2001;Испания / Франция / США;ужасы, фантастика;Алехандро Аменабар
479;Тор;7.8*;2011;США;боевик, приключения;Кеннет Брана
480;Расплата;7.8*;2016;США;драма;Гэвин О'Коннор
481;Вспомнить все;7.8*;1990;США;приключения, ужасы;Пол Верховен
482;Оно;7.8*;2017;США;ужасы, триллер;Андрес Мускетти
483;Облачный атлас;7.8*;2012;США;фантастика;Том Тыквер
484;Астерикс и тайное зелье;7.8*;2018;Франция;анимация;Луис Клиши
485;Прекрасная эпоха;7.8*;2019;Франция;комедия, драма;Николя Бедос
486;Арахисовый сокол;7.8*;2019;США;приключения;Тайлер Нилсон
487;Турист;7.8*;2010;США;драма, триллер;Флориан Хенкель фон Доннерсмарк
488;Обитель зла: Последняя глава;7.8*;2016;Германия / Австралия / Канада / Франция;триллер, боевик;Пол У. С. Андерсон
489;Сладкий ноябрь;7.8*;2001;США;комедия, драма;Пэт О'Коннор
490;Любовь в большом городе 2;7.8*;2010;Россия;комедия;Марюс Вайсберг
491;Парфюмер: история одного убийцы;7.8*;2006;Германия / Франция / Испания / США;триллер, драма;Том Тыквер
492;Другой мир;7.8*;2003;США / Германия / Венгрия / Великобритания;сказка, боевик;Лен Уайзман
493;Придурки из Хаззарда;7.8*;2005;США / Австралия;комедия, приключения;Джэй Чэндрасекар
494;Печки-лавочки;7.8*;1972;СССР;комедия;Василий Шукшин
495;Эпоха танцев;7.8*;2017;Россия / Латвия;документальный;Виктор Буда
496;Микеланджело. Бесконечность;7.8*;2019;Италия / Ватикан;документальный;Эмануэле Имбуччи
497;Чтец;7.8*;2008;США / Германия;мелодрама, исторический;Стивен Долдри
498;Хранители снов;7.8*;2012;США;семейный, анимация;Питер Рэмси
499;Бойфренд из будущего;7.8*;2013;Великобритания;фантастика, комедия;Ричард Кертис
500;Меняющие реальность;7.8*;2010;США;фантастика, мелодрама;Джордж Нолфи
501;Я - Четвертый;7.8*;2011;США;фантастика, боевик;Ди Джей Карузо
502;Мгла;7.8*;2007;США;ужасы;Фрэнк Дарабонт
503;Пила 3;7.8*;2006;США;триллер, криминал;Даррен Линн Боусман
504;Великий уравнитель 2;7.8*;2018;США;боевик, криминал;Антуан Фукуа
505;Спирит: Душа прерий;7.8*;2002;США;вестерн, анимация;Келли Эсбери
506;Морис Ришар;7.8*;2005;Канада;драма, биография;Чарльз Бинами
507;Армагеддон;7.8*;1998;США;триллер, драма;Майкл Бэй
508;План побега;7.8*;2013;США;триллер, боевик;Микаэль Хофстрем
509;В погоне за счастьем;7.8*;2006;США;комедия, драма;Габриэле Муччино
510;Аритмия;7.8*;2017;Россия;драма, мелодрама;Борис Хлебников
511;М+Ж;7.8*;2009;Россия;комедия, мелодрама;Игорь Андрейчук
512;"007: Координаты ""Скайфолл""";7.8*;2012;США / Великобритания;приключения, боевик;Сэм Мендес
513;Схватка;7.8*;1995;США;драма, криминал;Майкл Манн
514;Ветер крепчает;7.8*;2013;Япония;драма, анимация;Хаяо Миядзаки
515;Банды Нью-Йорка;7.8*;2002;США / Германия / Италия / Великобритания / Нидерланды;драма, исторический;Мартин Скорсезе
516;Пять вечеров;7.8*;1979;СССР;мелодрама, драма;Никита Михалков
517;Вероника не придет;7.8*;2008;Россия;драма;Элина Суни
518;Деревня Утка;7.8*;1976;СССР;семейный;Борис Бунеев
519;Имя розы;7.8*;1986;Франция / Италия / Германия;триллер, криминал;Жан-Жак Анно
520;Убеждение;7.8*;2010;США;биография, драма;Тони Голдуин
521;Клуб любителей книг и пирогов из картофельных очистков;7.8*;2018;США;драма, мелодрама;Майк Ньюэлл
522;Середина 90-х;7.8*;2018;США;драма, комедия;Джона Хилл
523;Джон Уик;7.8*;2014;США;боевик, триллер;Дэвид Литч
524;Артист;7.8*;2011;Франция;мелодрама;Мишель Азанависьюс
525;Сумерки. Сага. Затмение;7.8*;2010;США;мелодрама, фэнтези;Дэвид Слэйд
526;Д'Артаньян и три мушкетёра;7.8*;1978;СССР;мюзикл, приключения;Георгий Юнгвальд-Хилькевич
527;Полночь в Париже;7.8*;2011;США;комедия, мелодрама;Вуди Аллен
528;Семейка Аддамс;7.8*;2019;США;анимация, фэнтези;Грег Тирнан
529;Из Парижа с любовью;7.8*;2009;Франция;боевик;Пьер Морель
530;Простая просьба;7.8*;2018;США;триллер, криминал;Пол Фиг
531;Пять невест;7.8*;2011;Россия;комедия;Карен Оганесян
532;Тор 2: Царство тьмы;7.8*;2013;США;приключения, боевик;Алан Тейлор
533;Мачете;7.8*;2010;США;боевик, криминал;Роберт Родригес
534;Мост в Терабитию;7.8*;2007;США;фэнтези, семейный;Габор Чупо
535;Дориан Грей;7.8*;2009;Великобритания;драма;Оливер Паркер
536;Океаны;7.8*;2009;Франция / Швейцария / Испания / Монако;драма, документальный;Жак Перрен
537;Лев Яшин. Вратарь моей мечты;7.8*;2019;Россия;биография, спорт;Василий Чигинский
538;Охота на пиранью;7.8*;2006;Россия;триллер, криминал;Андрей Кавун
539;Знакомьтесь, Джо Блэк;7.8*;1998;США;мелодрама, мистика;Мартин Брест
540;Взрыв из прошлого;7.8*;1999;США;мелодрама, комедия;Хью Уилсон
541;Белый плен;7.8*;2005;США;приключения, семейный;Фрэнк Маршалл
542;Воровка книг;7.8*;2014;США;драма;Брайан Персивал
543;Онегин;7.8*;1998;США / Великобритания;драма;Марта Файнс
544;Берсерк: Золотой век. Фильм II. Битва за Долдрей;7.8*;2012;Япония;анимация, драма;Тошиюки Кабука
545;Тюряга;7.8*;1989;США;триллер, боевик;Джон Флинн
546;Голодные игры: И вспыхнет пламя;7.8*;2013;США;боевик, фантастика;Френсис Лоуренс
547;Послезавтра;7.8*;2004;США;триллер, боевик;Роланд Эммерих
548;Шаг вперед 3;7.8*;2010;США;мюзикл, драма;Джон Чу
549;А зори здесь тихие...;7.8*;2015;Россия;военный, драма;Ренат Давлетьяров
550;Хочу как ты;7.8*;2011;США;комедия;Дэвид Добкин
551;Тайное окно;7.8*;2004;США;ужасы, триллер;Дэвид Копп
552;Родня;7.8*;1981;СССР;комедия, семейный;Никита Михалков
553;Игра их жизни;7.8*;2005;США;спорт, драма;Дэвид Анспо
554;Синяя бездна 2;7.8*;2019;Великобритания;приключения, триллер;Йоханнес Робертс
555;9;7.8*;2009;США;анимация, военный;Шэйн Эккер
556;Идеальные незнакомцы;7.8*;2016;Италия;драма, комедия;Паоло Дженовезе
557;Мстители: Эра Альтрона;7.8*;2015;США;боевик, приключения;Джосс Уидон
558;Марсианин;7.8*;2015;США;фантастика, приключения;Ридли Скотт
559;Американская история Х;7.8*;1998;США;криминал, драма;Тони Кэй
560;Годзилла;7.8*;1998;США / Япония;боевик, фантастика;Роланд Эммерих
561;Падение Лондона;7.8*;2015;США / Великобритания;криминал, боевик;Бабак Наджафи
562;Синистер;7.8*;2012;США;криминал, ужасы;Скотт Дерриксон
563;Поддубный;7.8*;2013;Россия;драма, исторический;Глеб Орлов
564;Высоцкий. Спасибо, что живой;7.8*;2011;Россия;биография, драма;Петр Буслов
565;Дурак;7.8*;2014;Россия;драма;Юрий Быков
566;Кто я;7.8*;2014;Германия;триллер;Баран бо Одар
567;Тачки 3;7.8*;2017;США;детский, анимация;Брайан Фи
568;28 недель спустя;7.8*;2007;Великобритания;фантастика, триллер;Хуан Карлос Фреснадильо
569;Больше чем секс;7.8*;2011;США;мелодрама, комедия;Айвэн Райтман
570;Луна 2112;7.8*;2009;Великобритания;триллер, фантастика;Дункан Джонс
571;Секс по дружбе;7.8*;2011;США;комедия;Уилл Глак
572;Другой мир: Пробуждение;7.8*;2012;США;фантастика, ужасы;Манс Морлинд
573;Хорошая девочка;7.8*;2002;США / Германия / Нидерланды;драма, комедия;Мигель Артета
574;Всё путём;7.8*;2009;США / Италия;приключения, драма;Кирк Джонс
575;Семьянин;7.8*;2000;США;комедия, мелодрама;Бретт Рэтнер
576;Как прогулять школу с пользой;7.8*;2018;Франция;семейный, приключения;Николя Ванье
577;Неудержимые 2;7.8*;2012;США;приключения, триллер;Саймон Уэст
578;Классный мюзикл: Выпускной;7.8*;2008;США;мелодрама, комедия;Кенни Ортега
579;Судья;7.8*;2014;США;драма;Дэвид Добкин
580;Крупная рыба;7.8*;2003;США;приключения, сказка;Тим Бертон
581;Легенда;7.8*;2015;Великобритания / Франция;триллер, драма;Брайан Хелгеленд
582;Монте-Карло;7.8*;2011;США;комедия;Томас Безуча
583;Отель «Белград»;7.8*;2020;Россия;комедия;Константин Статский
584;Конг: Остров черепа;7.8*;2017;США;приключения, боевик;Джордан Вот-Робертс
585;Сплит;7.8*;2016;США;триллер;М. Найт Шьямалан
586;8 подруг Оушена;7.8*;2017;США;криминал, комедия;Гэри Росс
587;Призрак оперы;7.8*;2004;США / Великобритания;драма, триллер;Джоэл Шумахер
588;Тайна 7 сестер;7.8*;2017;Великобритания;фантастика, триллер;Томми Виркола
589;Ван Хельсинг;7.8*;2004;США / Чехия;приключения, ужасы;Стивен Соммерс
590;Астерикс: Земля Богов;7.8*;2014;Франция;анимация, приключения;Александр Астье
591;Эдвард руки-ножницы;7.8*;1990;США;сказка, драма;Тим Бертон
592;Монстры на каникулах;7.8*;2012;США;комедия, анимация;Генндий Тартаковский
593;Гравитация;7.8*;2013;США / Великобритания;фантастика, триллер;Альфонсо Куарон
594;Игра Эндера;7.8*;2013;США;фантастика, приключения;Гэвин Худ
595;Сделка с дьяволом;7.8*;2006;США;ужасы, триллер;Ренни Харлин
596;Классный мюзикл;7.8*;2006;США;мелодрама, комедия;Кенни Ортега
597;Шевели ластами;7.8*;2009;Бельгия;анимация, приключения;Бен Стассен
598;Кошмар перед Рождеством;7.8*;1993;США;семейный, фэнтези;Генри Селик
599;Два дня;7.8*;2011;Россия;мелодрама;Авдотья Смирнова
600;Эверест. Достигая невозможного;7.8*;2013;Новая Зеландия;документальный, исторический;Лиэнн Пули
601;Приключения Реми;7.8*;2019;Франция;драма;Антуан Блоссер
602;Королевский роман;7.8*;2012;Дания / Швеция / Чехия;исторический, мелодрама;Николай Арсель
603;Чудаки 3D;7.7*;2010;США;документальный, комедия;Джефф Тремэйн
604;Бесконечная история;7.7*;1984;ФРГ / США;сказка, приключения;Вольфганг Петерсен
605;Тренер;7.7*;2018;Россия;спорт, драма;Данила Козловский
606;Падение ангела;7.7*;2019;США;боевик, триллер;Рик Роман Во
607;Сестренка;7.7*;2019;Россия;военный, драма;Александр Галибин
608;Омерзительная восьмерка;7.7*;2015;США;комедия, вестерн;Квентин Тарантино
609;Kingsman: Секретная служба;7.7*;2014;Великобритания;триллер;Мэттью Вон
610;Космос между нами;7.7*;2016;США;фантастика;Питер Челсом
611;Гарри Поттер и Принц-Полукровка;7.7*;2008;Великобритания / США;фэнтези, семейный;Дэвид Йейтс
612;Атлантида: затерянный мир;7.7*;2001;США;анимация, приключения;Керк Уайз
613;Пандорум;7.7*;2009;США / Германия;ужасы, фантастика;Кристиан Алверт
614;Труп невесты;7.7*;2005;США;анимация, сказка;Тим Бертон
615;Тепло наших тел;7.7*;2013;США;мелодрама, драма;Джонатан Ливайн
616;Книжный клуб;7.7*;2018;США;комедия;Билл Холдермэн
617;Шаг вперед;7.7*;2006;США;мелодрама, мюзикл;Энн Флетчер
618;Бой с тенью;7.7*;2005;Россия;боевик, драма;Алексей Сидоров
619;Тачки 2;7.7*;2011;США;анимация, комедия;Брэд Льюис
620;Удивительное путешествие Доктора Дулиттла;7.7*;2020;США;комедия;Стивен Гейган
621;Последняя песня;7.7*;2010;США;драма;Джули Энн Робинсон
622;Эверест;7.7*;2015;США / Великобритания;драма, приключения;Бальтасар Кормакур
623;127 часов;7.7*;2010;США / Великобритания;драма;Дэнни Бойл
624;Поиск;7.7*;2018;США;триллер;Аниш Чаганти
625;Красная шапочка;7.7*;2011;США;драма, триллер;Кэтрин Хардвик
626;Малыш на драйве;7.7*;2017;США / Великобритания;боевик, криминал;Эдгар Райт
627;Гадкий я 2;7.7*;2013;США;анимация, семейный;Пьер Коффин
628;Разбогатей или сдохни;7.7*;2005;США;драма, мюзикл;Джим Шеридан
629;Заколдованная Элла;7.7*;2004;США / Великобритания / Ирландия;сказка, мелодрама;Томми О'Хэйвер
630;Страна приливов;7.7*;2005;Канада / Великобритания;сказка, драма;Терри Гиллиам
631;Я шагаю по Москве;7.7*;1963;СССР;мелодрама, комедия;Георгий Данелия
632;Питер Пэн;7.7*;1953;США;сказка, анимация;Клайд Джероними
633;Василиса прекрасная;7.7*;1939;СССР;сказка, семейный;Александр Роу
634;Мирный воин;7.7*;2006;Германия / США;драма, мелодрама;Виктор Сальва
635;Безумно влюбленный;7.7*;1981;Италия;мелодрама, комедия;Франко Кастеллано
636;Мама;7.7*;2013;США;ужасы;Андрес Мускетти
637;Невозможное;7.7*;2012;США / Испания;боевик, драма;Хуан Антонио Байона
638;Транс;7.7*;2013;Великобритания;триллер, криминал;Дэнни Бойл
639;Как приручить дракона 2;7.7*;2014;США;комедия, фэнтези;Дин Деблуа
640;День независимости;7.7*;1996;США;боевик, фантастика;Роланд Эммерих
641;Клятва;7.7*;2011;США;мелодрама, драма;Майкл Сакси
642;Отель Мумбаи: Противостояние;7.7*;2018;Австрия;триллер, драма;Энтони Марас
643;Извините, мы вас не застали;7.7*;2019;Великобритания / Франция / Бельгия;драма;Кен Лоуч
644;Большое путешествие вглубь океанов 3D: Возвращение;7.7*;2009;Германия / Великобритания / Австрия;документальный;Ник Стрингер
645;Легенда острова Двид;7.7*;2010;Россия;приключения, семейный;Анарио Мамедов
646;Грех;7.7*;2018;Россия / Италия;драма, биография;Андрей Кончаловский
647;Дамбо;7.7*;2019;США;семейный, фэнтези;Тим Бертон
648;Скорость;7.7*;1994;США;триллер, криминал;Ян Де Бонт
649;Иллюзионист;7.7*;2009;Великобритания / Франция;анимация;Сильвен Шомэ
650;Старикам тут не место;7.7*;2007;США;драма, триллер;Итан Коэн
651;Бесславные ублюдки;7.7*;2009;Германия / США;драма, военный;Квентин Тарантино
652;Дюнкерк;7.7*;2017;США / Великобритания / Франция;драма, военный;Кристофер Нолан
653;Звездный путь;7.7*;2009;США;боевик, фантастика;Джей Джей Абрамс
654;Обитель зла;7.7*;2002;Германия / Франция / Великобритания;ужасы, боевик;Пол У. С. Андерсон
655;Ночные игры;7.7*;2018;США;комедия, детектив;Джон Фрэнсис Дейли
656;Боец;7.7*;2010;США;драма;Дэвид О. Расселл
657;Харлей Дэвидсон и ковбой Мальборо;7.7*;1991;США;триллер, боевик;Саймон Уинсер
658;LOL (ржунимагу);7.7*;2008;Франция;комедия;Лиза Азуэлос
659;У холмов есть глаза 2;7.7*;2007;США;ужасы;Мартин Вайс
660;Остин Пауэрс: Человек-загадка международного масштаба;7.7*;1997;Германия / США;приключения, комедия;Джей Роуч
661;Асса;7.7*;1987;СССР;исторический, мелодрама;Сергей Соловьев
662;Военно-полевой роман;7.7*;1983;СССР;мелодрама;Пётр Тодоровский
663;Винчестер. Дом, который построили призраки;7.7*;2018;США;мистика, триллер;Питер Спириг
664;Шпионский мост;7.7*;2015;США;драма, триллер;Стивен Спилберг
665;Зверопой;7.7*;2016;США;мюзикл, анимация;Гарт Дженнингс
666;Сайлент Хилл 2 3D;7.7*;2012;США / Франция;ужасы;Майкл Дж. Бассетт
667;Убежище;7.7*;2010;США;триллер, ужасы;Манс Марлинд
668;Человек-паук: Возвращение домой;7.7*;2017;США;боевик, фантастика;Джон Уоттс
669;Дом у озера;7.7*;2006;США;мелодрама, драма;Алехандро Агрести
670;Рассвет мертвецов;7.7*;2004;США;боевик, ужасы;Зак Снайдер
671;Красота по-американски;7.7*;1999;США;мелодрама;Сэм Мендес
672;Вселенная Стивена Хокинга;7.7*;2014;Великобритания;биография, драма;Джеймс Марш
673;Поп;7.7*;2010;Россия;драма;Владимир Хотиненко
674;Отпетые мошенницы;7.7*;2019;США;комедия;Крис Эддисон
675;Защитник;7.7*;2011;США;криминал;Боаз Якин
676;Страшно красив;7.7*;2010;США;мелодрама, ужасы;Даниел Барнз
677;Камера 211: Зона;7.7*;2009;Франция / Испания;боевик, драма;Даньель Монсон
678;Воин;7.7*;2011;США;драма, боевик;Гэвин О'Коннор
679;Шазам!;7.7*;2019;США;фантастика, фэнтези;Дэвид Ф. Сандберг
680;Орел Девятого легиона;7.7*;2010;США;драма;Кевин МакДональд
681;Ангелы и демоны;7.7*;2009;США;криминал, мистика;Рон Ховард
682;Великий Гэтсби;7.7*;2013;США;драма, исторический;Баз Лурманн
683;Убить Билла 2;7.7*;2004;США;боевик, драма;Квентин Тарантино
684;Васаби;7.7*;2001;Франция / Япония;приключения, криминал;Жерар Кравчик
685;Жена путешественника во времени;7.7*;2009;США;мелодрама, драма;Роберт Швентке
686;Неуправляемый;7.7*;2010;США;триллер, драма;Тони Скотт
687;Папе снова 17;7.7*;2008;США;комедия;Берр Стирс
688;Великий уравнитель;7.7*;2014;США;триллер, криминал;Антуан Фукуа
689;Между небом и землей;7.7*;2005;США;мелодрама, комедия;Марк Уотерс
690;Меня зовут Кхан;7.7*;2010;Индия;драма, мелодрама;Каран Джохар
691;Мой путь;7.7*;2012;Франция / Бельгия;мюзикл, биография;Флоран Эмилио Сири
692;Индиана Джонс: В поисках утраченного ковчега;7.7*;1981;США;приключения, триллер;Стивен Спилберг
693;Фантастические твари: Преступления Грин-де-Вальда;7.7*;2018;США;фэнтези;Дэвид Йейтс
694;Тарас Бульба;7.7*;2008;Россия;боевик, исторический;Владимир Бортко
695;Миссия невыполнима: Последствия;7.7*;2018;США;боевик, триллер;Кристофер МакКуорри
696;Дракула;7.7*;1992;США;ужасы, мелодрама;Фрэнсис Форд Коппола
697;С широко закрытыми глазами;7.7*;1999;США / Великобритания;драма, мистика;Стэнли Кубрик
698;Комиссар;7.7*;1967;СССР;драма, исторический;Александр Аскольдов
699;Хостел 2;7.7*;2007;США;ужасы;Элай Рот
700;Яркая звезда;7.7*;2009;Австралия / Великобритания / Франция;мелодрама, драма;Джейн Кэмпион
701;Добро пожаловать к людям;7.7*;2012;США;драма;Алекс Куртцман
702;Волк с Уолл-стрит;7.7*;2013;США;драма, криминал;Мартин Скорсезе
703;Чужой 4: Воскрешение;7.7*;1997;США;триллер, боевик;Жан-Пьер Жене
704;Ночная игра;7.7*;2016;Швейцария / Великобритания;триллер;Тобиас Вебер
705;Стиляги;7.7*;2008;Россия;комедия, мюзикл;Валерий Тодоровский
706;Город воров;7.7*;2010;США;драма, мелодрама;Бен Аффлек
707;Американский пирог: Все в сборе;7.7*;2012;США;комедия;Джон Харвитц
708;Оно 2;7.7*;2019;США;ужасы, триллер;Андрес Мускетти
709;Альфа;7.7*;2018;США;боевик, триллер;Альберт Хьюз
710;Гангстер;7.7*;2007;США;криминал, драма;Ридли Скотт
711;Убийство в Восточном экспрессе;7.7*;2017;США;детектив, триллер;Кеннет Брана
712;Поезд на Юму;7.7*;2007;США;вестерн;Джеймс Мэнголд
713;Коллекционер 2;7.7*;2012;США;ужасы;Маркус Данстен
714;Призрак в доспехах;7.7*;2017;США;криминал, драма;Руперт Сандерс
715;Великая стена;7.7*;2016;США;триллер, мистика;Чжан Имоу
716;Дело храбрых;7.7*;2017;США;драма, боевик;Джозеф Косински
717;Женщина в черном;7.7*;2012;Великобритания;триллер, ужасы;Джеймс Уоткинс
718;Шестое чувство;7.7*;1999;США;документальный, мистика;М. Найт Шьямалан
719;Облачно, возможны осадки в виде фрикаделек;7.7*;2009;США;семейный, анимация;Кристофер Миллер
720;Покемон. Детектив Пикачу;7.7*;2019;США;детектив, комедия;Роб Леттерман
721;Матильда;7.7*;2017;Россия;драма, биография;Алексей Учитель
722;Миссия Невыполнима: Протокол Фантом;7.7*;2011;США;боевик;Брэд Берд
723;Кредо убийцы;7.7*;2016;США;фантастика, боевик;Джастин Курзель
724;Марли и я;7.7*;2008;США;комедия;Дэвид Фрэнкел
725;Двадцать одно;7.7*;2008;США;драма;Роберт Лукетич
726;Путь;7.7*;2009;Россия;приключения, боевик;Владимир Пасичник
727;Ветреная река;7.7*;2017;США / Великобритания / Канада;триллер;Тейлор Шеридан
728;Под покровом ночи;7.7*;2016;США;триллер, драма;Том Форд
729;Порок на экспорт;7.7*;2007;Великобритания / Канада / США;драма, триллер;Дэвид Кроненберг
730;"Пароль ""Рыба-меч""";7.7*;2001;США / Австралия;триллер, криминал;Доминик Сена
731;Не стучи дважды;7.7*;2016;Великобритания;ужасы;Карадог В. Джеймс
732;Пленницы;7.7*;2013;США;триллер, драма;Дени Вильнев
733;Лолита;7.7*;1997;США / Франция;мелодрама, драма;Эдриан Лайн
734;Лес призраков;7.7*;2016;США;ужасы, триллер;Джейсон Зада
735;Святые из Бундока;7.7*;1999;США / Канада;криминал, триллер;Трой Даффи
736;Зорро;7.7*;1975;Франция / Италия;комедия, семейный;Дуччо Тессари
737;Паранойя;7.7*;2013;США / Франция;триллер, драма;Роберт Лукетич
738;Затерянные во льдах;7.7*;2018;Исландия;драма;Джо Пенна
739;Между ангелом и бесом;7.7*;1995;Франция;боевик, комедия;Жан-Мари Пуаре
740;Власть огня;7.7*;2002;Великобритания / Ирландия / США;триллер, боевик;Роб Бауман
741;Сид и Нэнси;7.7*;1986;Великобритания;драма, биография;Алекс Кокс
742;Жизнь этого парня;7.7*;1993;США;драма, биография;Майкл Кейтон-Джонс
743;Хозяин морей: На краю Земли;7.7*;2003;США;приключения, драма;Питер Уир
744;Малыши;7.7*;2010;Франция;документальный, семейный;Томас Бальмес
745;Шпион, выйди вон!;7.7*;2011;Франция / Великобритания;триллер;Томас Альфредсон
746;Праздник святого Йоргена;7.7*;1930;СССР;комедия;Яков Протазанов
747;Соль Земли;7.7*;2014;Франция / Италия / Бразилия;документальный, биография;Джулиано Рибейро Сальгадо
748;Таинственная река;7.7*;2003;США;драма, мистика;Клинт Иствуд
749;21 грамм;7.7*;2003;США;драма;Алехандро Гонсалес Иньярриту
750;Девушка на мосту;7.7*;1999;Франция;драма, мелодрама;Патрис Леконт
751;Пять сантиметров в секунду;7.7*;2007;Япония;драма, анимация;Макото Синкай
752;Пещера забытых снов 3D;7.7*;2011;США;документальный, исторический;Вернер Херцог
753;Пеле: Рождение легенды;7.7*;2016;США;биография, спорт;Джефф Цимбалист
754;Дело Коллини;7.7*;2019;Германия;драма, криминал;Марко Кройцпайнтнер
755;Знакомство с Факерами 2;7.7*;2010;США;комедия;Пол Вайц
756;Невероятный Халк;7.7*;2008;США;боевик;Луи Летерье
757;Одинокий рейнджер;7.7*;2013;США;триллер, боевик;Гор Вербински
758;Джек Ричер;7.7*;2012;США;триллер, детектив;Кристофер МакКуорри
759;Ничего хорошего в отеле «Эль Рояль»;7.7*;2018;США;триллер;Дрю Годдард
760;Призрачный гонщик;7.7*;2007;США;триллер, боевик;Марк Стивен Джонсон
761;Бой с тенью 2: Реванш;7.7*;2007;Россия;спорт, боевик;Антон Мегердичев
762;13;7.7*;2010;США;драма, триллер;Гела Баблуани
763;Мэри и ведьмин цветок;7.7*;2017;Япония;анимация, приключения;Хиромаса Ёнэбаяси
764;Рэмбо IV;7.7*;2007;США;триллер, боевик;Сильвестр Сталлоне
765;Лето. Одноклассники. Любовь;7.7*;2012;США;комедия;Лиза Азуэлос
766;Санктум;7.7*;2011;США;триллер, драма;Алистер Грирсон
767;22 пули. Бессмертный;7.7*;2010;Франция;криминал;Ришар Берри
768;Воздушный маршал;7.7*;2013;США;триллер, боевик;Хауме Кольет-Серра
769;Заклятие 2;7.7*;2016;США;ужасы;Джеймс Ван
770;Знамение;7.7*;2009;США;мистика, триллер;Алекс Пройас
771;Ниндзя-убийца;7.7*;2009;США;боевик;Джеймс МакТиг
772;Гран Торино;7.7*;2008;США;драма;Клинт Иствуд
773;Мюнхен: Возмездие;7.7*;2005;США;драма, триллер;Стивен Спилберг
774;Бьютифул;7.7*;2010;Испания / Мексика;драма;Алехандро Гонсалес Иньярриту
775;2001 год: Космическая одиссея;7.7*;1968;США / Великобритания;фантастика, приключения;Стэнли Кубрик
776;Небесный замок Лапута;7.7*;1986;Япония;сказка, анимация;Хаяо Миядзаки
777;Двойной форсаж;7.7*;2003;США / Германия;боевик, триллер;Джон Синглтон
778;Судный день;7.7*;2008;Великобритания;драма, триллер;Нил Маршалл
779;Далласский клуб покупателей;7.7*;2013;США;драма;Жан-Марк Валле
780;Пила 8;7.7*;2017;США / Канада;ужасы, триллер;Майкл Спириг
781;Миссия: Невыполнима 3;7.7*;2006;Германия / США;триллер, боевик;Джей Джей Абрамс
782;Джейн Остин;7.7*;2007;США / Великобритания / Ирландия;биография, драма;Джулиан Джаррольд
783;Прости за любовь;7.7*;2008;Италия;мелодрама;Федерико Мочча
784;Выкрутасы;7.7*;2010;Россия;мелодрама, комедия;Лео Габриадзе
785;Город грехов;7.7*;2005;США;криминал, триллер;Фрэнк Миллер
786;Копы в глубоком запасе;7.7*;2010;США;комедия, боевик;Адам МакКей
787;Перевозчик 3;7.7*;2009;Франция;боевик;Оливье Мегатон
788;Паркер;7.7*;2013;США;криминал, триллер;Тэйлор Хэкфорд
789;Союзники;7.7*;2016;США;триллер;Роберт Земекис
790;Машинист;7.7*;2004;Испания;мистика, драма;Брэд Андерсон
791;Мэри и Макс;7.7*;2009;Австралия;анимация;Адам Эллиот
792;Сибирь, Мон амур;7.7*;2011;Россия;драма;Вячеслав Росс
793;Месть от кутюр;7.7*;2015;Австралия;драма;Джослин Мурхаус
794;Метро;7.6*;2013;Россия;боевик, драма;Антон Мегердичев
795;Альфа Дог;7.6*;2006;США;криминал, драма;Ник Кассаветис
796;Отверженные;7.6*;2012;Великобритания;мюзикл, драма;Том Хупер
797;Миссия невыполнима: Племя изгоев;7.6*;2015;США;приключения, боевик;Кристофер МакКуорри
798;Mamma Mia 2;7.6*;2018;США;мюзикл;Ол Паркер
799;Союз спасения;7.6*;2019;Россия;драма, исторический;Андрей Кравчук
800;Шаг вперед 2: улицы;7.6*;2008;США;мелодрама, драма;Джон Чу
801;Пила: игра на выживание;7.6*;2004;США;ужасы, триллер;Джеймс Ван
802;Путь воина;7.6*;2009;Корея / Новая Зеландия;боевик, приключения;Ли Сунмо
803;Рок на века;7.6*;2012;США;мюзикл;Адам Шенкман
804;Свет в океане;7.6*;2016;США / Новая Зеландия;драма;Дерек Сиенфрэнс
805;Она;7.6*;2016;Франция / Германия / Бельгия;триллер, драма;Пол Верховен
806;Я, Дэниел Блэйк;7.6*;2016;Великобритания / Франция;драма;Кен Лоуч
807;Звонок мертвецу;7.6*;2018;Германия;ужасы, боевик;Кристиан Альварт
808;Вавилон;7.6*;2006;США / Мексика;триллер, драма;Алехандро Гонсалес Иньярриту
809;Тайна красной планеты 3D;7.6*;2011;США;анимация, семейный;Саймон Уэллс
810;Без меня;7.6*;2018;Россия;мелодрама;Кирилл Плетнев
811;В постели с врагом;7.6*;1991;США;драма, триллер;Джозеф Рубен
812;Американская дочь;7.6*;1995;Россия;комедия;Карен Шахназаров
813;Мать;7.6*;1926;СССР;драма;Всеволод Пудовкин
814;Стачка;7.6*;1924;СССР;;Сергей Эйзенштейн
815;Идеальный побег;7.6*;2009;США;триллер;Дэвид Туи
816;Девочка, покорившая время;7.6*;2006;Япония;фантастика, комедия;Мамору Хосода
817;Проповедник с пулеметом;7.6*;2011;США;боевик, биография;Марк Форстер
818;Скалолаз;7.6*;1993;США / Франция / Италия;триллер, приключения;Ренни Харлин
819;Несломленный;7.6*;2014;США;исторический, военный;Анджелина Джоли
820;Крепость: щитом и мечом;7.6*;2015;Россия;анимация, военный;Федор Дмитриев
821;Подарок;7.6*;2015;США;триллер, детектив;Джоэл Эдгертон
822;Альдабра: Путешествие к таинственному острову;7.6*;2016;Чехия;семейный, документальный;Стив Лихтаг
823;Неуловимые: Последний герой;7.6*;2015;Россия;триллер, криминал;Артем Аксененко
824;Сияние;7.6*;1980;Великобритания / США;триллер;Стэнли Кубрик
825;Чудо-женщина;7.6*;2017;США;боевик, приключения;Пэтти Дженкинс
826;Росомаха: Бессмертный;7.6*;2013;США;приключения, боевик;Джеймс Мэнголд
827;Аноним;7.6*;2011;Германия / Великобритания;драма;Роланд Эммерих
828;Монгол. Часть первая;7.6*;2007;Казахстан / Россия / Германия;исторический, драма;Сергей Бодров
829;Тайная жизнь домашних животных;7.6*;2016;США;анимация, комедия;Крис Рено
830;Большие Мамочки. Сын как отец;7.6*;2011;США;комедия;Джон Уайтселл
831;Артур и война двух миров;7.6*;2010;Франция;сказка, анимация;Люк Бессон
832;Дыши во мгле;7.6*;2018;Франция;фантастика, драма;Дэниэл Роби
833;Жизнь в розовом цвете;7.6*;2007;Франция / Великобритания / Чехия;биография, драма;Оливье Даан
834;Need for speed: Жажда скорости;7.6*;2014;США;боевик, драма;Скотт Во
835;Империя волков;7.6*;2005;Франция;триллер, драма;Крис Наон
836;Дрейф;7.6*;2006;Германия;триллер;Ханс Хорн
837;Просто вместе;7.6*;2007;Франция;мелодрама, драма;Клод Берри
838;Ядовитый плющ;7.6*;1992;США;триллер, драма;Кэтт Ши
839;Океан;7.6*;2008;Россия / Куба;драма;Михаил Косырев-Нестеров
840;Генсбур. Любовь хулигана;7.6*;2010;Франция / США;драма, биография;Жоанн Сфар
841;Телескоп Хаббл IMAX 3D;7.6*;2010;Канада;документальный;Тони Майерс
842;13 убийц;7.6*;2010;Япония / Великобритания;боевик;Такаши Миике
843;Что-то не так с Кевином;7.6*;2011;США / Великобритания;триллер, драма;Линн Рэмси
844;Не угаснет надежда;7.6*;2013;США;драма, приключения;Джей Си Чендор
845;Каштанка;7.6*;1975;СССР;приключения;Роман Балаян
846;Простые сложности;7.6*;2009;США;мелодрама, комедия;Нэнси Мейерс
847;Головоломка;7.6*;2015;США;анимация;Пит Доктер
848;Американский психопат;7.6*;2000;США / Канада;ужасы, триллер;Мэри Хэррон
849;Гнездо жаворонка;7.6*;2007;Италия / Испания / Великобритания / Франция / Болгария;драма;Паоло Тавиани
850;Норвежский лес;7.6*;2010;Япония;драма;Чан Ань Хунг
851;Вверх;7.6*;2009;США;анимация, семейный;Пит Доктер
852;Джейн Эйр;7.6*;2011;Великобритания;мелодрама, драма;Кэри Фукунага
853;Волшебная страна;7.6*;2004;Великобритания / США;биография, семейный;Марк Форстер
854;Прекрасные создания;7.6*;2013;США;мистика, драма;Ричард ЛаГравенес
855;Прогулка среди могил;7.6*;2014;США;драма, криминал;Скотт Фрэнк
856;Большой кошачий побег;7.6*;2018;США;анимация;Гэри Ван
857;Еще одна из рода Болейн;7.6*;2008;Великобритания;драма, исторический;Джастин Чадвик
858;Анна Каренина;7.6*;2008;Россия;драма;Сергей Соловьев
859;Охотники на ведьм;7.6*;2012;США / Германия;комедия, боевик;Томми Виркола
860;Молодость;7.6*;2015;Италия / Франция / Швейцария / Великобритания;драма;Паоло Соррентино
861;Великолепная семерка;7.6*;2016;США;боевик, вестерн;Антуан Фукуа
862;Джонни Д;7.6*;2009;США;драма;Майкл Манн
863;Джастин Бибер: Никогда не говори никогда 3D;7.6*;2011;США;мюзикл;Джон Чу
864;Похороните меня за плинтусом;7.6*;2009;Россия;драма;Сергей Снежкин
865;Оверлорд;7.6*;2018;Великобритания;боевик;Джулиус Эйвери
866;Прошлой ночью в Нью-Йорке;7.6*;2010;США;драма, мелодрама;Мэсси Таджедин
867;Мой парень - псих;7.6*;2012;США;комедия, драма;Дэвид О. Расселл
868;Идентификация Борна;7.6*;2002;США / Германия / Чехия;триллер;Даг Лайман
869;Коммандос;7.6*;1985;США;боевик, приключения;Марк Л. Лестер
870;Заложница 2;7.6*;2012;Франция;триллер, драма;Оливье Мегатон
871;Похождения Императора;7.6*;2000;США;анимация, приключения;Марк Диндал
872;Спасительный рассвет;7.6*;2006;США;военный, боевик;Вернер Херцог
873;Непристойное предложение;7.6*;1993;США;мелодрама, драма;Эдриэн Лайн
874;Русалочка: начало истории Ариэль;7.6*;2008;США;анимация, семейный;Пегги Холмс
875;Майские звезды;7.6*;1959;СССР / Чехословакия;военный;Станислав Ростоцкий
876;7 дней и ночей с Мэрилин;7.6*;2011;Великобритания;драма;Саймон Кертис
877;Затащи меня в ад;7.6*;2009;США;триллер, ужасы;Сэм Рэйми
878;Не брать живым;7.6*;2009;США / Великобритания;драма, военный;Пол Гринграсс
879;Ван Гог. С любовью, Винсент;7.6*;2017;Великобритания / Польша;анимация, драма;Дорота Кобела
880;Не дыши;7.6*;2016;США;триллер;Федерико Альварес
881;Бегущий в лабиринте: Лекарство от смерти;7.6*;2018;США;фантастика, боевик;Уэс Болл
882;Бешеные псы;7.6*;1992;США;триллер;Квентин Тарантино
883;Паразиты;7.6*;2019;Корея;драма, триллер;Пон Чжун-хо
884;Фиксики. Большой секрет;7.6*;2017;Россия;анимация, детский;Андрей Колпин
885;Королевство;7.6*;2007;США;триллер, драма;Питер Берг
886;Горячие новости;7.6*;2009;Россия / Швеция;боевик;Андерс Банке
887;Секретная служба Санта Клауса;7.6*;2011;США / Великобритания;анимация;Сара Смит
888;Тихая застава;7.6*;2010;Россия;драма, военный;Сергей Маховиков
889;Rammstein: Paris!;7.6*;2016;Германия;мюзикл;Йонас Окерлунд
890;Артур и месть Урдалака;7.6*;2009;Франция;сказка, семейный;Люк Бессон
891;Как выйти замуж за миллиардера;7.6*;2010;Великобритания;комедия;Фил Трэйл
892;Капитан Филлипс;7.6*;2013;США;драма;Пол Гринграсс
893;Иван Царевич и Серый Волк;7.6*;2011;Россия;комедия, анимация;Владимир Торопчин
894;Сезон охоты 3;7.6*;2010;США;детский, анимация;Коуди Камерон
895;Город грехов 2: Женщина, ради которой стоит убивать;7.6*;2014;США;драма, криминал;Фрэнк Миллер
896;Любовь и другие лекарства;7.6*;2010;США;мелодрама, комедия;Эдвард Цвик
897;Пролетая над гнездом кукушки;7.6*;1975;США;драма;Милош Форман
898;Иллюзионист;7.6*;2006;США / Чехия;драма, мелодрама;Нил Бергер
899;Легенды осени;7.6*;1994;США;драма, военный;Эдвард Цвик
900;Сатисфакция;7.6*;2010;Россия;драма;Анна Матисон
901;Перси Джексон и море чудовищ;7.6*;2013;США;приключения, семейный;Тор Фреденталь
902;Затура: космическое приключение;7.6*;2005;США;приключения, фантастика;Джон Фавро
903;Танцующая в темноте;7.6*;2000;Дания / Германия / Нидерланды / США / Великобритания / Франция / Швеция / Финляндия / Исландия / Норвегия;мюзикл, драма;Ларс фон Триер
904;Фонограмма страсти;7.6*;2009;Россия;триллер;Николай Лебедев
905;Медвежатник;7.6*;2001;Германия / США;триллер, боевик;Фрэнк Оз
906;Выхода нет;7.6*;2015;США;боевик, триллер;Джон Эрик Даудл
907;Барашек Шон: Фермагеддон;7.6*;2019;США / Великобритания / Франция;анимация;Уилл Бечер
908;Судья Дредд;7.6*;2012;Великобритания;фантастика, боевик;Пит Трэвис
909;Голос монстра;7.6*;2016;США / Испания;фантастика, фэнтези;Хуан Антонио Байона
910;Телепорт;7.6*;2008;США;триллер, фантастика;Даг Лиман
911;Пункт назначения 5;7.6*;2011;США;триллер, ужасы;Стивен Куэйл
912;Дуэлянт;7.6*;2016;Россия;драма;Алексей Мизгирев
913;Что гложет Гилберта Грэйпа?;7.6*;1993;США;драма;Лассе Халльстрем
914;Солдат Джейн;7.6*;1997;США;драма, боевик;Ридли Скотт
915;Немыслимое;7.6*;2009;США;триллер;Грегор Джордан
916;Двойник дьявола;7.6*;2011;Нидерланды / Бельгия;драма, боевик;Ли Тамахори
917;"Операция ""Арго""";7.6*;2012;США;драма;Бен Аффлек
918;Последняя сказка Риты;7.6*;2012;Россия;драма;Рената Литвинова
919;Уна;7.6*;2016;Великобритания / США / Канада;драма, триллер;Бенедикт Эндрюс
920;Возвращение героя;7.6*;2013;США;боевик;Джи-Вун Ким
921;Временные трудности;7.6*;2018;Россия;драма;Михаил Расходников
922;Люди Икс. Последняя битва;7.6*;2006;США;фантастика, триллер;Бретт Рэтнер
923;Агент Джонни Инглиш: Перезагрузка;7.6*;2011;США;комедия;Оливер Паркер
924;Бэтмен: начало;7.6*;2005;США;криминал, триллер;Кристофер Нолан
925;Ранэвэйс;7.6*;2010;США;драма, мюзикл;Флория Сиджизмонди
926;И грянул шторм;7.6*;2016;США;драма, триллер;Крэйг Гиллеспи
927;Пассажир;7.6*;2018;США;боевик, триллер;Хауме Кольет-Серра
928;Так себе каникулы;7.6*;2009;США;комедия;Уолт Бекер
929;Особое мнение;7.6*;2002;США;фантастика, боевик;Стивен Спилберг
930;После тебя;7.6*;2016;Россия;драма;Анна Матисон
931;Схватка;7.6*;2012;США;триллер;Джо Карнахан
932;Выстрел в пустоту;7.6*;2017;США;триллер, драма;Рик Роман Во
933;Милый друг;7.6*;2011;Великобритания;драма;Деклан Доннеллэн
934;Мамма Миа!;7.6*;2008;Великобритания / США;комедия, мелодрама;Филлида Ллойд
935;Монстро;7.6*;2008;США;боевик, триллер;Мэтт Ривз
936;Тобол;7.6*;2018;Россия;драма, исторический;Игорь Зайцев
937;Собибор;7.6*;2018;Россия;военный, драма;Константин Хабенский
938;Очень плохая училка;7.6*;2011;США;комедия;Джейк Кэздан
939;На пятьдесят оттенков темнее;7.6*;2017;США;драма, мелодрама;Джеймс Фоули
940;Полет навигатора;7.6*;1986;США;детский, приключения;Рэндэл Клайзер
941;1408;7.6*;2007;США;триллер, ужасы;Микаэль Хофстрем
942;Больше, чем друг;7.6*;2010;США;мелодрама, комедия;Джош Гордон
943;Территория;7.6*;2014;Россия;драма, приключения;Александр Мельник
944;Три икса;7.6*;2002;США;триллер, боевик;Роб Коэн
945;Зараженная;7.6*;2015;США / Швейцария;ужасы, драма;Генри Хобсон
946;Квадрат;7.6*;2017;Швеция / Германия / Дания / Франция;драма;Рубен Эстлунд
947;Одиннадцатый час;7.6*;2007;США;документальный;Надья Коннерс
948;K-11;7.6*;2012;США;драма;Джули Манн-Стюарт
949;Выход через сувенирную лавку;7.6*;2010;США / Великобритания;документальный;Бэнкси
950;Я все еще здесь: Потерянный год Хоакина Феникса;7.6*;2010;США;документальный, мюзикл;Кейси Аффлек
951;Союз зверей;7.6*;2010;Германия;анимация;Райнхард Клоосс
952;Цветы войны;7.6*;2012;Китай;исторический, драма;Чжан Имоу
953;Большие глаза;7.6*;2014;США;биография, драма;Тим Бертон
954;Вторжение титанов;7.6*;2015;Япония;;Синдзи Хигути
955;Трамбо;7.6*;2015;США;драма, биография;Джей Роуч
956;P.S. Я люблю тебя;7.6*;2007;США;комедия, драма;Ричард ЛаГравенезе
957;Домовой;7.6*;2019;Россия;комедия, фэнтези;Евгений Бедарев
958;Наркоз;7.6*;2007;США;триллер, драма;Джоби Хэролд
959;Пила 4;7.6*;2007;США;криминал, ужасы;Даррен Линн Боусман
960;Сказки на ночь;7.6*;2008;США;фэнтези, комедия;Адам Шэнкман
961;Легенда о Коловрате;7.6*;2017;Россия;приключения, фэнтези;Джаник Файзиев
962;Перси Джексон и похититель молний;7.6*;2009;Канада / США;фэнтези, сказка;Крис Коламбус
963;Железная хватка;7.6*;2010;США;драма, вестерн;Итан Коэн
964;Любовь с ограничениями;7.6*;2016;Россия;комедия, мелодрама;Дмитрий Тюрин
965;Инферно;7.6*;2016;США / Япония / Турция / Венгрия;триллер, приключения;Рон Ховард
966;Красотка на всю голову;7.6*;2018;США;комедия;Эбби Кон
967;Дэдпул;7.6*;2016;США / Канада;фэнтези, фантастика;Тим Миллер
968;Нечто;7.6*;2011;США;ужасы, фантастика;Маттейс ван-Хэйнинген мл
969;Приключения Тинтина: Тайна единорога;7.6*;2011;США / Новая Зеландия / Бельгия;семейный, анимация;Стивен Спилберг
970;Человек, который изменил все;7.6*;2011;США;драма;Беннет Миллер
971;Прощай, детка, прощай;7.6*;2007;США;драма, криминал;Бен Аффлек
972;Кошмар на улице Вязов;7.6*;2010;США;триллер, фэнтези;Сэмюэл Байер
973;Прибытие;7.6*;2016;США;фантастика;Дени Вильнев
974;Крутая Джорджия;7.6*;2007;США;мелодрама, драма;Гэрри Маршалл
975;На гребне волны;7.6*;1991;США;драма, приключения;Кэтрин Бигелоу
976;И гаснет свет...;7.6*;2016;США;ужасы;Дэвид Ф. Сандберг
977;Мишень;7.6*;2011;Россия;драма;Александр Зельдович
978;Стальная бабочка;7.6*;2012;Россия;криминал, детектив;Ренат Давлетьяров
979;Тарзан. Легенда;7.6*;2016;США;боевик, приключения;Дэвид Йейтс
980;Принцесса и лягушка;7.6*;2009;США;мелодрама, мюзикл;Рон Клементс
981;Рестлер;7.6*;2009;США;боевик, спорт;Даррен Аронофски
982;Ограбление на Бейкер-Стрит;7.6*;2008;США / Великобритания;триллер;Роджер Дональдсон
983;Живое;7.6*;2017;США;фантастика, триллер;Даниэль Эспиноса
984;Отмель;7.6*;2016;США;триллер, драма;Хауме Кольет-Серра
985;Коко до Шанель;7.6*;2008;Франция;биография;Энн Фонтейн
986;Кинг Конг;7.6*;2005;США;драма, фантастика;Питер Джексон
987;Приключения Паддингтона;7.6*;2014;Великобритания / Франция / США / Канада;семейный, комедия;Пол Кинг
988;Возвращение;7.6*;2003;Россия;драма;Андрей Звягинцев
989;Сердцеед;7.6*;2010;Франция / Монако;комедия;Паскаль Шомель
990;"Код доступа ""Кейптаун""";7.6*;2012;США;триллер, ужасы;Даниэль Эспиноса
991;Идальго: Погоня в пустыне;7.6*;2004;США;вестерн, драма;Джо Джонстон
992;Человек-Слон;7.6*;1980;США / Великобритания;драма;Дэвид Линч
993;Матч пойнт;7.6*;2005;Великобритания / США / Люксембург;триллер, драма;Вуди Аллен
994;Горькая луна;7.6*;1992;Франция / Великобритания;драма;Роман Полански
995;Школьный вальс;7.6*;1977;СССР;мелодрама;Павел Любимов
996;Бравый солдат Швейк;7.6*;1956;Чехословакия;драма, комедия;Карел Стеклы
997;Дети Хуан Ши;7.6*;2008;Австралия / Китай / Германия;исторический, драма;Роджер Споттисвуд
998;Спасатели;7.6*;1977;США;драма, сказка;Джон Лоунсбери
999;Ходорковский;7.6*;2011;Германия;документальный, драма;Кирилл Туши
1000;Ох уж эта Настя!;7.6*;1972;СССР;семейный;Юрий Победоносцев
